{
  "camera": {
    "type": "perspective",
    "focal_length": 1,
    "eye": [ 0, 0, 2 ],
    "up": [ 0, 1, 0 ],
    "look": [ 0, 0, -1 ],
    "height": 1,
    "width": 1.7777777778
  },

  "lights": [
    {
      "type": "point",
      "color": [ 0.3, 0.3, 0.3 ],
      "position": [ -0.9, 0.9, 2 ]
    },
    {
      "type": "point",
      "color": [ 0.3, 0.3, 0.3 ],
      "position": [ 0.9, 0.9, 2 ]
    },
    {
      "type": "point",
      "color": [ 0.3, 0.3, 0.3 ],
      "position": [ 0, 0.9, 2 ]
    },
    {
      "type": "point",
      "color": [ 0.3, 0.3, 0.3 ],
      "position": [ 0, -0.9, 2 ]
    }
  ],

  "materials": [
    {
      "name": "orange plastic",
      "ka": [ 1, 0.7, 0.2 ],
      "kd": [ 1.0, 0.7, 0.2 ],
      "ks": [ 0.8, 0.8, 0.8 ],
      "km": [ 0.05, 0.05, 0.05 ],
      "phong_exponent": 1000
    },
    {
      "name": "brown plastic",
      "ka": [ 0.52, 0.25, 0 ],
      "kd": [ 0.52, 0.25, 0 ],
      "ks": [ 0.52, 0.25, 0 ],
      "km": [ 0.05, 0.05, 0.05 ],
      "phong_exponent": 1000
    },
    {
      "name": "matte gray",
      "ka": [ 0.90, 0.90, 0.90 ],
      "kd": [ 0.95, 0.95, 0.95 ],
      "ks": [ 0.3, 0.3, 0.3 ],
      "km": [ 0.05, 0.05, 0.05 ],
      "phong_exponent": 200
    },
    {
      "name": "red metal",
      "ka": [ 0.894118, 0.101961, 0.109804 ],
      "kd": [ 0.894118, 0.101961, 0.109804 ],
      "ks": [ 0.2, 0.2, 0.2 ],
      "km": [ 0.1, 0.1, 0.1 ],
      "phong_exponent": 500
    },
    {
      "name": "blue metal",
      "ka": [ 0.62, 0.84, 0.871 ],
      "kd": [ 0.62, 0.84, 0.871 ],
      "ks": [ 0.62, 0.84, 0.871 ],
      "km": [ 0.1, 0.1, 0.1 ],
      "phong_exponent": 500
    },
    {
      "name": "green metal",
      "ka": [ 0.301961, 0.686275, 0.290196 ],
      "kd": [ 0.301961, 0.686275, 0.290196 ],
      "ks": [ 0.2, 0.2, 0.2 ],
      "km": [ 0.1, 0.1, 0.1 ],
      "phong_exponent": 500
    },
    {
      "name": "orange metal",
      "ka": [ 1, 0.49804, 0 ],
      "kd": [ 1, 0.49804, 0 ],
      "ks": [ 0.2, 0.2, 0.2 ],
      "km": [ 0.1, 0.1, 0.1 ],
      "phong_exponent": 500
    },
    {
      "name": "purple metal",
      "ka": [ 0.596078, 0.305882, 0.639216 ],
      "kd": [ 0.596078, 0.305882, 0.639216 ],
      "ks": [ 0.2, 0.2, 0.2 ],
      "km": [ 0.1, 0.1, 0.1 ],
      "phong_exponent": 500
    }
  ],

  "objects": [
    {
      "type": "sphere",
      "material": "orange plastic",
      "center": [ 0, -0.7, 0 ],
      "radius": 0.45
    },
    {
      "type": "sphere",
      "material": "orange plastic",
      "center": [ 0, 0, 0 ],
      "radius": 0.3
    },
    {
      "type": "sphere",
      "material": "matte gray",
      "center": [ -0.05, 0.05, 0.3 ],
      "radius": 0.03
    },
    {
      "type": "sphere",
      "material": "matte gray",
      "center": [ 0.05, 0.05, 0.3 ],
      "radius": 0.03
    },
    {
      "type": "sphere",
      "material": "red metal",
      "center": [ 0, -0.06, 0.3 ],
      "radius": 0.07
    },
    {
      "type": "sphere",
      "material": "brown plastic",
      "center": [ -0.44, -0.55, 0.25 ],
      "radius": 0.13
    },
    {
      "type": "sphere",
      "material": "brown plastic",
      "center": [ 0.44, -0.55, 0.25 ],
      "radius": 0.13
    },

    {
      "type": "plane",
      "material": "red metal",
      "point": [ -1, 0, 0 ],
      "normal": [ 1, 0, 0 ]
    },
    {
      "type": "plane",
      "material": "purple metal",
      "point": [ 0, 0, -1 ],
      "normal": [ 0, 0, 1 ]
    },
    {
      "type": "plane",
      "material": "blue metal",
      "point": [ 0, 1, 0 ],
      "normal": [ 0, -1, 0 ]
    },
    {
      "type": "plane",
      "material": "orange metal",
      "point": [ 1, 0, 0 ],
      "normal": [ -1, 0, 0 ]
    },
    {
      "material": "green metal",
      "type": "plane",
      "point": [ 0, -1, 0 ],
      "normal": [ 0, 1, 0 ]
    }
  ]
}

